method,queries,mean_precision_at_k,mean_recall_at_k,mean_mrr,mean_ndcg_at_k
bm25,12,0.5,0.6468253968253969,0.8611111111111112,0.6961220449229493
hybrid,12,0.5333333333333333,0.6884920634920635,0.9583333333333334,0.7524827074888949
semantic,12,0.48333333333333334,0.6121031746031746,0.9444444444444444,0.6922226989733293
