method,profile,queries,mean_precision_at_k,mean_recall_at_k,mean_mrr,mean_ndcg_at_k
bm25,english_e5,12,0.38333333333333336,0.49404761904761907,0.9166666666666666,0.6072120200490249
hybrid,english_e5,12,0.4166666666666667,0.5446428571428571,0.875,0.6207435969674142
semantic,english_e5,12,0.3666666666666667,0.49603174603174605,0.75,0.5330329006758594
