method,profile,queries,mean_precision_at_k,mean_recall_at_k,mean_mrr,mean_ndcg_at_k
bm25,english_e5,12,0.38333333333333336,0.49603174603174605,0.8472222222222222,0.5613683261979779
hybrid,english_e5,12,0.43333333333333335,0.5863095238095238,0.8611111111111112,0.6372265549598122
semantic,english_e5,12,0.3666666666666667,0.49603174603174605,0.75,0.5330329006758594
