method,profile,queries,queries_with_hit,queries_top1_hit,mean_latency_ms,median_latency_ms,mean_precision_at_1,mean_precision_at_k,mean_recall_at_k,mean_hit_rate_at_k,mean_mrr,mean_ap_at_k,mean_r_precision,mean_ndcg_at_k,mean_first_relevant_rank,median_first_relevant_rank,category
hybrid,minilm_ft,2,2,2,382.1882500196807,382.1882500196807,1.0,0.8,0.8,1.0,1.0,0.8,0.8,0.8687949224876582,1,1.0,climate_variability
semantic,minilm_ft,2,2,2,279.37939995899796,279.37939995899796,1.0,0.8,0.8,1.0,1.0,0.76,0.8,0.8539316501572937,1,1.0,climate_variability
hybrid,minilm_ft,2,2,2,376.1047500302084,376.1047500302084,1.0,0.6,1.0,1.0,1.0,0.8916666666666666,0.6666666666666666,0.9571852065075719,1,1.0,hydrology
semantic,minilm_ft,2,2,2,252.66479997662827,252.66479997662827,1.0,0.6,1.0,1.0,1.0,0.9166666666666666,0.6666666666666666,0.9674679834891693,1,1.0,hydrology
hybrid,minilm_ft,2,2,2,364.30244997609407,364.30244997609407,1.0,0.2,1.0,1.0,1.0,1.0,1.0,1.0,1,1.0,ocean_climate
semantic,minilm_ft,2,2,2,245.48400001367554,245.48400001367554,1.0,0.2,1.0,1.0,1.0,1.0,1.0,1.0,1,1.0,ocean_climate
hybrid,minilm_ft,4,4,4,378.5189500194974,381.60695001715794,1.0,0.9,0.7857142857142857,1.0,1.0,0.9,0.8571428571428572,0.934397461243829,1,1.0,weather_climate
semantic,minilm_ft,4,4,4,1733.2357749983203,286.69300000183284,1.0,0.75,0.65,1.0,1.0,0.73,0.7214285714285714,0.8248461988617993,1,1.0,weather_climate
