method,profile,queries,mean_precision_at_k,mean_recall_at_k,mean_mrr,mean_ndcg_at_k
bm25,english_e5,12,0.3666666666666667,0.48214285714285715,0.875,0.5703915050934474
hybrid,english_e5,12,0.43333333333333335,0.5863095238095238,0.8402777777777778,0.6292560418105884
semantic,english_e5,12,0.43333333333333335,0.5724206349206349,0.7777777777777778,0.5950241287852526
