method,profile,queries,queries_with_hit,queries_top1_hit,mean_latency_ms,median_latency_ms,mean_precision_at_1,mean_precision_at_k,mean_recall_at_k,mean_hit_rate_at_k,mean_mrr,mean_ap_at_k,mean_r_precision,mean_ndcg_at_k,mean_first_relevant_rank,median_first_relevant_rank,benchmark
bm25,minilm,10,10,8,1.0259200003929436,0.7048000115901232,0.8,0.52,0.6933333333333334,1.0,0.9,0.672,0.7219047619047619,0.7696283648421615,1.2,1.0,semantic_intent
hybrid,minilm,10,10,10,33.30306998686865,32.75700000813231,1.0,0.5,0.7,1.0,1.0,0.693,0.7571428571428571,0.7886275538308507,1,1.0,semantic_intent
semantic,minilm,10,10,10,32.57781999418512,32.014650001656264,1.0,0.48,0.68,1.0,1.0,0.681,0.7371428571428571,0.7755070460796165,1,1.0,semantic_intent
hybrid,multilingual,10,10,9,62.97514997422695,63.01804998656735,0.9,0.46,0.6123809523809524,1.0,0.95,0.5863333333333334,0.6552380952380953,0.7015123847401071,1.1,1.0,semantic_intent
semantic,multilingual,10,10,8,67.56671002367511,60.39440003223717,0.8,0.34,0.49238095238095236,1.0,0.9,0.47533333333333333,0.49238095238095236,0.5913645314549458,1.2,1.0,semantic_intent
