method,profile,queries,mean_precision_at_k,mean_recall_at_k,mean_mrr,mean_ndcg_at_k
bm25,minilm,12,0.13333333333333333,0.14682539682539683,0.14583333333333334,0.15057567871409086
hybrid,minilm,12,0.08333333333333334,0.08829365079365079,0.1527777777777778,0.08617198368679373
semantic,minilm,12,0.03333333333333333,0.034722222222222224,0.0625,0.03184281675047042
