method,profile,queries,mean_precision_at_k,mean_recall_at_k,mean_mrr,mean_ndcg_at_k
bm25,minilm,10,0.42,0.7833333333333333,0.7866666666666666,0.698201940816163
hybrid,minilm,10,0.54,1.0,1.0,0.9624202153385752
semantic,minilm,10,0.48,0.8666666666666667,0.9333333333333333,0.8460978795628169
