method,profile,queries,queries_with_hit,queries_top1_hit,mean_latency_ms,median_latency_ms,mean_precision_at_1,mean_precision_at_k,mean_recall_at_k,mean_hit_rate_at_k,mean_mrr,mean_ap_at_k,mean_r_precision,mean_ndcg_at_k,mean_first_relevant_rank,median_first_relevant_rank,query_style
bm25,minilm,12,12,8,29.17893330838221,0.4126999410800636,0.6666666666666666,0.5166666666666667,0.6378968253968254,1.0,0.8333333333333334,0.5806018518518519,0.6011904761904762,0.6842285560614189,1.3333333333333333,1.0,keyword
hybrid,minilm,12,12,11,25.248008333922673,24.97754996875301,0.9166666666666666,0.55,0.7003968253968254,1.0,0.9583333333333334,0.6571527777777778,0.6378968253968254,0.7619147480300227,1.0833333333333333,1.0,keyword
semantic,minilm,12,12,9,971.7895833503766,23.09239999158308,0.75,0.45,0.5982142857142857,1.0,0.875,0.5510416666666667,0.5357142857142857,0.6596662628965124,1.25,1.0,keyword
bm25,minilm,22,21,17,3.1399000012739138,3.032499982509762,0.7727272727272727,0.39090909090909093,0.6190476190476191,0.9545454545454546,0.8424242424242424,0.5127777777777778,0.5194805194805194,0.6284871576946818,1.6363636363636365,1.0,sentence
hybrid,minilm,22,22,20,36.690440912604,36.17214999394491,0.9090909090909091,0.4909090909090909,0.7808441558441558,1.0,0.9431818181818182,0.7161868686868686,0.6672077922077922,0.8015279147070834,1.1818181818181819,1.0,sentence
semantic,minilm,22,22,19,33.357440917329356,33.43345003668219,0.8636363636363636,0.45454545454545453,0.6861471861471862,1.0,0.9128787878787878,0.6358585858585859,0.5800865800865801,0.7300157827351309,1.2727272727272727,1.0,sentence
