method,profile,queries,queries_with_hit,queries_top1_hit,mean_latency_ms,median_latency_ms,mean_precision_at_1,mean_precision_at_k,mean_recall_at_k,mean_hit_rate_at_k,mean_mrr,mean_ap_at_k,mean_r_precision,mean_ndcg_at_k,mean_first_relevant_rank,median_first_relevant_rank
bm25,minilm,34,33,25,12.330147050841546,2.5889999815262854,0.7352941176470589,0.43529411764705883,0.6257002801120448,0.9705882352941176,0.8392156862745098,0.5367156862745098,0.5483193277310924,0.6481605924123537,1.5294117647058822,1.0
hybrid,minilm,34,34,31,32.65193529659882,34.24544999143109,0.9117647058823529,0.5117647058823529,0.7524509803921569,1.0,0.9485294117647058,0.6953513071895425,0.6568627450980392,0.7875467970563561,1.1470588235294117,1.0
semantic,minilm,34,34,28,364.5687853054637,31.62500000325963,0.8235294117647058,0.45294117647058824,0.6551120448179272,1.0,0.8995098039215687,0.605923202614379,0.5644257703081232,0.705186540439148,1.2647058823529411,1.0
