method,profile,queries,queries_with_hit,queries_top1_hit,mean_latency_ms,median_latency_ms,mean_precision_at_1,mean_precision_at_k,mean_recall_at_k,mean_hit_rate_at_k,mean_mrr,mean_ap_at_k,mean_r_precision,mean_ndcg_at_k,mean_first_relevant_rank,median_first_relevant_rank,benchmark
bm25,minilm,10,10,7,3.3093399950303137,3.2300500315614045,0.7,0.42,0.7833333333333333,1.0,0.7866666666666666,0.5938888888888889,0.5166666666666666,0.698201940816163,1.8,1.0,earthquake_sentence
hybrid,minilm,10,10,10,37.575340014882386,36.76864999579266,1.0,0.54,1.0,1.0,1.0,0.9194444444444444,0.8166666666666667,0.9624202153385752,1,1.0,earthquake_sentence
semantic,minilm,10,10,9,34.653490013442934,33.72310003032908,0.9,0.48,0.8666666666666667,1.0,0.9333333333333333,0.7805555555555556,0.65,0.8460978795628169,1.2,1.0,earthquake_sentence
bm25,minilm,12,12,8,29.17893330838221,0.4126999410800636,0.6666666666666666,0.5166666666666667,0.6378968253968254,1.0,0.8333333333333334,0.5806018518518519,0.6011904761904762,0.6842285560614189,1.3333333333333333,1.0,general_keyword
hybrid,minilm,12,12,11,25.248008333922673,24.97754996875301,0.9166666666666666,0.55,0.7003968253968254,1.0,0.9583333333333334,0.6571527777777778,0.6378968253968254,0.7619147480300227,1.0833333333333333,1.0,general_keyword
semantic,minilm,12,12,9,971.7895833503766,23.09239999158308,0.75,0.45,0.5982142857142857,1.0,0.875,0.5510416666666667,0.5357142857142857,0.6596662628965124,1.25,1.0,general_keyword
bm25,minilm,12,11,10,2.998700006476914,2.9023499810136855,0.8333333333333334,0.3666666666666667,0.48214285714285715,0.9166666666666666,0.8888888888888888,0.4451851851851852,0.5218253968253969,0.5703915050934474,1.5,1.0,general_sentence
hybrid,minilm,12,12,10,35.953024994038664,35.525750019587576,0.8333333333333334,0.45,0.5982142857142857,1.0,0.8958333333333334,0.5468055555555555,0.5426587301587301,0.6674509975141735,1.3333333333333333,1.0,general_sentence
semantic,minilm,12,12,10,32.27740000390137,31.81974997278303,0.8333333333333334,0.43333333333333335,0.5357142857142857,1.0,0.8958333333333334,0.5152777777777777,0.5218253968253969,0.6332807020453927,1.3333333333333333,1.0,general_sentence
