method,profile,queries,queries_with_hit,queries_top1_hit,mean_latency_ms,median_latency_ms,mean_precision_at_1,mean_precision_at_k,mean_recall_at_k,mean_hit_rate_at_k,mean_mrr,mean_ap_at_k,mean_r_precision,mean_ndcg_at_k,mean_first_relevant_rank,median_first_relevant_rank,benchmark
bm25,minilm,10,10,10,1.8316100002266467,1.8204999942099676,1.0,0.5,0.9333333333333333,1.0,1.0,0.9055555555555556,0.8666666666666667,0.9342772145046608,1,1.0,earthquake_sentence
hybrid,minilm,10,10,10,418.99948000209406,415.82715000549797,1.0,0.52,0.9666666666666667,1.0,1.0,0.95,0.9166666666666666,0.9685081426136809,1,1.0,earthquake_sentence
semantic,minilm,10,10,9,320.43289999710396,316.7365499975858,0.9,0.52,0.9666666666666667,1.0,0.95,0.9083333333333333,0.8666666666666667,0.937850782975408,1.1,1.0,earthquake_sentence
bm25,minilm,12,12,6,1.0910333367064595,1.0937000042758882,0.5,0.48333333333333334,0.5892857142857143,1.0,0.7361111111111112,0.49921296296296297,0.5873015873015873,0.608231357480473,1.5833333333333333,1.5,general_keyword
hybrid,minilm,12,11,9,284.8278583308759,282.41305000847206,0.75,0.43333333333333335,0.5357142857142857,0.9166666666666666,0.8333333333333334,0.4896990740740741,0.5128968253968254,0.6059899593538816,1.1818181818181819,1,general_keyword
semantic,minilm,12,11,10,314.18991666820756,274.9669500190066,0.8333333333333334,0.3833333333333333,0.4801587301587302,0.9166666666666666,0.8541666666666666,0.47215277777777775,0.47817460317460314,0.5794061065165141,1.2727272727272727,1,general_keyword
bm25,minilm,12,12,9,1.659308334637899,1.5678999916417524,0.75,0.4,0.5009920634920635,1.0,0.8361111111111111,0.4394444444444444,0.43452380952380953,0.5651728163529667,1.5833333333333333,1.0,general_sentence
hybrid,minilm,12,11,9,329.3530166653606,308.68859999463893,0.75,0.43333333333333335,0.5357142857142857,0.9166666666666666,0.8194444444444444,0.4792361111111111,0.49206349206349204,0.5937980680656088,1.2727272727272727,1,general_sentence
semantic,minilm,12,11,9,239.19309999473626,238.8245499896584,0.75,0.43333333333333335,0.5218253968253969,0.9166666666666666,0.8194444444444444,0.47777777777777775,0.4801587301587302,0.5925329119687998,1.2727272727272727,1,general_sentence
