method,term_bucket,relevant_pairs,unique_docs,hit_rate_at_k,top1_rate,mean_rank_when_hit,median_rank_when_hit
semantic,term_moderate,46,21,0.32608695652173914,0.06521739130434782,2.7333333333333334,3
semantic,term_rich,88,32,0.7386363636363636,0.29545454545454547,2.0153846153846153,2
semantic,term_sparse,16,9,0.0,0.0,,
hybrid,term_moderate,46,21,0.3695652173913043,0.13043478260869565,2.4705882352941178,3
hybrid,term_rich,88,32,0.7613636363636364,0.2727272727272727,2.1194029850746268,2
hybrid,term_sparse,16,9,0.0,0.0,,
