feature,bucket,documents,share
length_bucket,long,423,0.3389423076923077
length_bucket,medium,400,0.32051282051282054
length_bucket,short,425,0.3405448717948718
description_style,metadata_heavy,251,0.20112179487179488
description_style,mixed_structured,630,0.5048076923076923
description_style,narrative,367,0.29407051282051283
term_bucket,term_moderate,407,0.3261217948717949
term_bucket,term_rich,421,0.3373397435897436
term_bucket,term_sparse,420,0.33653846153846156
