method,length_bucket,relevant_pairs,unique_docs,hit_rate_at_k,top1_rate,mean_rank_when_hit,median_rank_when_hit
semantic,long,86,31,0.7674418604651163,0.3023255813953488,2.090909090909091,2.0
semantic,medium,41,19,0.2926829268292683,0.07317073170731707,2.75,3.0
semantic,short,23,12,0.0,0.0,,
hybrid,long,86,31,0.7790697674418605,0.27906976744186046,2.1791044776119404,2
hybrid,medium,41,19,0.34146341463414637,0.12195121951219512,2.5,3.0
hybrid,short,23,12,0.0,0.0,,
