method,length_bucket,relevant_pairs,unique_docs,hit_rate_at_k,top1_rate,mean_rank_when_hit,median_rank_when_hit
semantic,long,90,33,0.7666666666666667,0.28888888888888886,2.0869565217391304,2
semantic,medium,38,18,0.2894736842105263,0.07894736842105263,2.5454545454545454,2
semantic,short,22,11,0.0,0.0,,
hybrid,long,90,33,0.7777777777777778,0.26666666666666666,2.157142857142857,2.0
hybrid,medium,38,18,0.3684210526315789,0.15789473684210525,2.357142857142857,2.5
hybrid,short,22,11,0.0,0.0,,
