method,description_style,relevant_pairs,unique_docs,hit_rate_at_k,top1_rate,mean_rank_when_hit,median_rank_when_hit
semantic,metadata_heavy,30,13,0.2,0.1,2.3333333333333335,2.0
semantic,mixed_structured,54,23,0.48148148148148145,0.14814814814814814,2.1153846153846154,2.0
semantic,narrative,66,26,0.7272727272727273,0.2727272727272727,2.1458333333333335,2.0
hybrid,metadata_heavy,30,13,0.23333333333333334,0.1,2.2857142857142856,3
hybrid,mixed_structured,54,23,0.5370370370370371,0.2777777777777778,1.896551724137931,1
hybrid,narrative,66,26,0.7272727272727273,0.18181818181818182,2.3541666666666665,2.0
