method,description_style,relevant_pairs,unique_docs,hit_rate_at_k,top1_rate,mean_rank_when_hit,median_rank_when_hit
semantic,metadata_heavy,30,13,0.5333333333333333,0.2,2.25,2.0
semantic,mixed_structured,54,23,0.6111111111111112,0.2777777777777778,1.9393939393939394,2
semantic,narrative,66,26,0.6515151515151515,0.22727272727272727,2.2325581395348837,2
hybrid,metadata_heavy,30,13,0.7,0.23333333333333334,2.619047619047619,2
hybrid,mixed_structured,54,23,0.6666666666666666,0.3333333333333333,2,1.5
hybrid,narrative,66,26,0.6818181818181818,0.21212121212121213,2.2888888888888888,2
