method,profile,queries,queries_with_hit,queries_top1_hit,mean_latency_ms,median_latency_ms,mean_precision_at_1,mean_precision_at_k,mean_recall_at_k,mean_hit_rate_at_k,mean_mrr,mean_ap_at_k,mean_r_precision,mean_ndcg_at_k,mean_first_relevant_rank,median_first_relevant_rank,query_style
hybrid,minilm,10,10,10,31.7309100064449,32.01169997919351,1.0,0.5,0.7,1.0,1.0,0.693,0.7571428571428571,0.7886275538308507,1,1.0,latent_intent
semantic,minilm,10,10,10,35.34866000991315,34.181300026830286,1.0,0.48,0.68,1.0,1.0,0.681,0.7371428571428571,0.7755070460796165,1,1.0,latent_intent
hybrid,minilm_ft,10,10,10,31.71651002485305,31.752050039358437,1.0,0.66,0.8485714285714285,1.0,1.0,0.8876666666666667,0.8438095238095238,0.9296579323597096,1,1.0,latent_intent
semantic,minilm_ft,10,10,10,29.82141001848504,28.437500004656613,1.0,0.5800000000000001,0.7666666666666667,1.0,1.0,0.7723333333333333,0.7476190476190476,0.8546984860808666,1,1.0,latent_intent
