method,profile,queries,mean_precision_at_k,mean_recall_at_k,mean_mrr,mean_ndcg_at_k
bm25,multilingual,12,0.13333333333333333,0.14682539682539683,0.14583333333333334,0.15057567871409086
hybrid,multilingual,12,0.18333333333333335,0.1974206349206349,0.4166666666666667,0.24307683346491143
semantic,multilingual,12,0.15,0.1736111111111111,0.2777777777777778,0.17649523260969027
