method,profile,queries,mean_precision_at_k,mean_recall_at_k,mean_mrr,mean_ndcg_at_k
bm25,minilm,12,0.3666666666666667,0.48214285714285715,0.875,0.5703915050934474
hybrid,minilm,12,0.45,0.5982142857142857,0.8958333333333334,0.6674509975141735
semantic,minilm,12,0.45,0.5496031746031745,0.8958333333333334,0.6429758524772241
