method,profile,queries,queries_with_hit,queries_top1_hit,mean_latency_ms,median_latency_ms,mean_precision_at_1,mean_precision_at_k,mean_recall_at_k,mean_hit_rate_at_k,mean_mrr,mean_ap_at_k,mean_r_precision,mean_ndcg_at_k,mean_first_relevant_rank,median_first_relevant_rank,language
hybrid,minilm,47,45,39,42.25368724214508,26.86440001707524,0.8297872340425532,0.4340425531914894,0.75,0.9574468085106383,0.8812056737588653,0.6809160756501182,0.652482269503546,0.7598582512644262,1.2222222222222223,1,en
semantic,minilm,47,45,36,36.57591702575062,23.51430000271648,0.7659574468085106,0.39148936170212767,0.6795845997973657,0.9574468085106383,0.8528368794326241,0.6168144208037825,0.5820668693009119,0.7024512493152719,1.2666666666666666,1,en
hybrid,multilingual,47,41,35,85.22573829519543,51.690899999812245,0.7446808510638298,0.3829787234042553,0.6534954407294833,0.8723404255319149,0.8067375886524822,0.5943912529550828,0.5820668693009119,0.6701897199597004,1.3095238095238095,1.0,en
semantic,multilingual,47,34,27,82.81778723268988,48.51679992862046,0.574468085106383,0.28936170212765955,0.5081053698074974,0.723404255319149,0.6382978723404256,0.45166666666666666,0.43363728470111446,0.5159064814342089,1.4857142857142858,1,en
hybrid,minilm,12,3,1,17.405116649266954,17.228699987754226,0.08333333333333333,0.06666666666666667,0.06746031746031746,0.25,0.16666666666666666,0.04555555555555556,0.07936507936507936,0.0817027882071959,1.6666666666666667,2,tr
semantic,minilm,12,1,0,16.879966666844364,16.63314999314025,0.0,0.016666666666666666,0.013888888888888888,0.08333333333333333,0.041666666666666664,0.008333333333333333,0.013888888888888888,0.017832188727877295,2,2,tr
hybrid,multilingual,12,5,3,32.246400010384,32.358250056859106,0.25,0.15,0.1488095238095238,0.4166666666666667,0.3333333333333333,0.14333333333333334,0.1488095238095238,0.19886875182404887,1.4,1,tr
semantic,multilingual,12,4,2,31.30940001574345,31.328100012615323,0.16666666666666666,0.06666666666666667,0.06746031746031746,0.3333333333333333,0.25,0.06111111111111111,0.06746031746031746,0.10303428839711898,1.5,1.5,tr
