method,profile,queries,queries_with_hit,queries_top1_hit,mean_latency_ms,median_latency_ms,mean_precision_at_1,mean_precision_at_k,mean_recall_at_k,mean_hit_rate_at_k,mean_mrr,mean_ap_at_k,mean_r_precision,mean_ndcg_at_k,mean_first_relevant_rank,median_first_relevant_rank
hybrid,minilm,59,48,40,37.19974068088173,25.880500092171133,0.6779661016949152,0.3593220338983051,0.6111783696529459,0.8135593220338984,0.7358757062146892,0.5516902071563088,0.5359160613397902,0.62192832657482,1.25,1.0
hybrid,multilingual,59,46,38,74.45027966099649,49.03939994983375,0.6440677966101694,0.33559322033898303,0.5508474576271186,0.7796610169491526,0.71045197740113,0.50265065913371,0.4939467312348668,0.5743278281355002,1.3191489361702127,1
semantic,minilm,59,46,36,32.56996102054935,22.99159998074174,0.6101694915254238,0.3152542372881356,0.5441888619854721,0.7796610169491526,0.6878531073446328,0.4930555555555555,0.4665052461662631,0.5632066946195307,1.2826086956521738,1.0
semantic,multilingual,59,38,29,72.34150508687027,46.1629000492394,0.4915254237288136,0.2440677966101695,0.4184826472962066,0.6440677966101694,0.559322033898305,0.3722316384180791,0.3591606133979015,0.43193247607073304,1.4871794871794872,1
