method,profile,queries,queries_with_hit,queries_top1_hit,mean_latency_ms,median_latency_ms,mean_precision_at_1,mean_precision_at_k,mean_recall_at_k,mean_hit_rate_at_k,mean_mrr,mean_ap_at_k,mean_r_precision,mean_ndcg_at_k,mean_first_relevant_rank,median_first_relevant_rank,direction
bm25,minilm,6,3,2,3.5401667119003832,2.9182000434957445,0.3333333333333333,0.16666666666666669,0.5,0.5,0.3888888888888889,0.4027777777777778,0.3333333333333333,0.42844028649255333,1.6666666666666667,1,huggingface_to_kaggle
hybrid,minilm,6,4,3,61.61896667132775,58.252249960787594,0.5,0.16666666666666669,0.5833333333333334,0.6666666666666666,0.5555555555555556,0.4722222222222222,0.4166666666666667,0.5188578654609097,1.5,1.0,huggingface_to_kaggle
semantic,minilm,6,4,3,57.134766674910985,57.401750062126666,0.5,0.16666666666666669,0.5833333333333334,0.6666666666666666,0.5833333333333334,0.5,0.4166666666666667,0.5406794910561527,1.25,1.0,huggingface_to_kaggle
bm25,minilm,7,3,3,10.057685747077423,9.971400024369359,0.42857142857142855,0.14285714285714288,0.42857142857142855,0.42857142857142855,0.42857142857142855,0.42857142857142855,0.42857142857142855,0.42857142857142855,1,1,kaggle_to_huggingface
hybrid,minilm,7,7,5,105.09392861942095,103.36810001172125,0.7142857142857143,0.28571428571428575,0.8809523809523809,1.0,0.8333333333333334,0.7896825396825397,0.8333333333333334,0.8319427881066382,1.4285714285714286,1,kaggle_to_huggingface
semantic,minilm,7,7,5,91.69307141564786,86.74399997107685,0.7142857142857143,0.28571428571428575,0.8809523809523809,1.0,0.8571428571428571,0.7698412698412699,0.8095238095238095,0.8278270566499764,1.2857142857142858,1,kaggle_to_huggingface
