method,profile,queries,queries_with_hit,queries_top1_hit,mean_latency_ms,median_latency_ms,mean_precision_at_1,mean_precision_at_k,mean_recall_at_k,mean_hit_rate_at_k,mean_mrr,mean_ap_at_k,mean_r_precision,mean_ndcg_at_k,mean_first_relevant_rank,median_first_relevant_rank
bm25,minilm,13,6,5,7.049600038534174,6.47480005864054,0.38461538461538464,0.15384615384615385,0.46153846153846156,0.46153846153846156,0.41025641025641024,0.4166666666666667,0.38461538461538464,0.42851090145810156,1.3333333333333333,1.0
hybrid,minilm,13,11,8,85.02856156645485,65.10810006875545,0.6153846153846154,0.23076923076923078,0.7435897435897436,0.8461538461538461,0.7051282051282052,0.6431623931623932,0.641025641025641,0.6874420545778405,1.4545454545454546,1
semantic,minilm,13,11,8,75.74308461223085,61.06700003147125,0.6153846153846154,0.23076923076923078,0.7435897435897436,0.8461538461538461,0.7307692307692307,0.6452991452991453,0.6282051282051282,0.6952974109912885,1.2727272727272727,1
