method,profile,queries,mean_precision_at_k,mean_recall_at_k,mean_mrr,mean_ndcg_at_k
bm25,english_e5,10,0.42,0.7833333333333333,0.7866666666666666,0.698201940816163
hybrid,english_e5,10,0.48,0.8833333333333333,0.9,0.8244485729989519
semantic,english_e5,10,0.34,0.6166666666666667,0.575,0.5079785525795003
