method,profile,queries,mean_precision_at_k,mean_recall_at_k,mean_mrr,mean_ndcg_at_k
bm25,minilm,12,0.38333333333333336,0.49404761904761907,0.9166666666666666,0.6072120200490249
hybrid,minilm,12,0.45,0.5912698412698413,0.9375,0.6815957583035299
semantic,minilm,12,0.45,0.5565476190476191,0.8819444444444444,0.6362932557502985
