method,profile,queries,mean_precision_at_k,mean_recall_at_k,mean_mrr,mean_ndcg_at_k
bm25,minilm,12,0.38333333333333336,0.49603174603174605,0.8472222222222222,0.5613683261979779
hybrid,minilm,12,0.43333333333333335,0.5704365079365079,0.8958333333333334,0.6545777221964719
semantic,minilm,12,0.45,0.5565476190476191,0.8819444444444444,0.6362932557502985
